date,party_label,period,count_台湾,count_中国,count_安全保障,count_有事,speech_len
2022-05-01,立憲,before,2.0,3.0,2.0,1.0,4576
2022-05-01,維新,before,1.0,3.0,2.0,0.0,8826
2022-05-01,自民,before,4.0,3.0,2.0,0.0,7353
2022-05-02,立憲,before,1.0,2.0,2.0,3.0,7546
2022-05-02,維新,before,4.0,3.0,1.0,2.0,5954
2022-05-02,自民,before,3.0,3.0,4.0,3.0,5137
2022-05-03,立憲,before,2.0,2.0,1.0,1.0,8042
2022-05-03,維新,before,3.0,4.0,1.0,0.0,6517
2022-05-03,自民,before,3.0,5.0,3.0,3.0,8279
2022-05-04,立憲,before,3.0,1.0,3.0,0.0,6538
2022-05-04,維新,before,2.0,6.0,4.0,4.0,8286
2022-05-04,自民,before,2.0,5.0,2.0,0.0,5084
2022-05-05,立憲,before,4.0,6.0,5.0,3.0,6855
2022-05-05,維新,before,1.0,4.0,2.0,0.0,3690
2022-05-05,自民,before,7.0,6.0,5.0,0.0,7534
2022-05-06,立憲,before,2.0,3.0,3.0,2.0,5574
2022-05-06,維新,before,1.0,1.0,3.0,1.0,7480
2022-05-06,自民,before,3.0,12.0,3.0,2.0,6367
2022-05-07,立憲,before,3.0,3.0,8.0,1.0,7732
2022-05-07,維新,before,5.0,2.0,1.0,1.0,6389
2022-05-07,自民,before,6.0,2.0,1.0,1.0,9575
2022-05-08,立憲,before,2.0,4.0,2.0,0.0,6077
2022-05-08,維新,before,3.0,5.0,2.0,3.0,5651
2022-05-08,自民,before,3.0,4.0,3.0,0.0,6830
2022-05-09,立憲,before,1.0,0.0,6.0,1.0,4742
2022-05-09,維新,before,4.0,3.0,1.0,2.0,7554
2022-05-09,自民,before,2.0,4.0,8.0,1.0,8326
2022-05-10,立憲,before,6.0,5.0,3.0,2.0,5680
2022-05-10,維新,before,3.0,2.0,3.0,1.0,7320
2022-05-10,自民,before,5.0,5.0,5.0,0.0,4209
2022-05-11,立憲,before,3.0,5.0,5.0,0.0,7334
2022-05-11,維新,before,1.0,2.0,1.0,1.0,9408
2022-05-11,自民,before,5.0,11.0,7.0,2.0,6939
2022-05-12,立憲,before,3.0,3.0,2.0,2.0,6484
2022-05-12,維新,before,3.0,2.0,3.0,2.0,9780
2022-05-12,自民,before,2.0,6.0,3.0,0.0,5437
2022-05-13,立憲,before,4.0,3.0,3.0,0.0,7723
2022-05-13,維新,before,2.0,2.0,2.0,1.0,6991
2022-05-13,自民,before,1.0,3.0,5.0,0.0,7598
2022-05-14,立憲,before,2.0,1.0,4.0,1.0,8867
2022-05-14,維新,before,5.0,5.0,3.0,1.0,8706
2022-05-14,自民,before,6.0,8.0,6.0,1.0,7108
2022-05-15,立憲,before,0.0,7.0,2.0,0.0,8195
2022-05-15,維新,before,3.0,2.0,1.0,0.0,7048
2022-05-15,自民,before,6.0,5.0,8.0,0.0,6793
2022-05-16,立憲,before,3.0,5.0,1.0,1.0,5133
2022-05-16,維新,before,6.0,2.0,0.0,0.0,6069
2022-05-16,自民,before,3.0,7.0,2.0,0.0,8305
2022-05-17,立憲,before,3.0,5.0,2.0,1.0,5504
2022-05-17,維新,before,2.0,1.0,4.0,2.0,6191
2022-05-17,自民,before,6.0,2.0,7.0,0.0,6824
2022-05-18,立憲,before,0.0,4.0,2.0,0.0,6836
2022-05-18,維新,before,3.0,1.0,2.0,2.0,5969
2022-05-18,自民,before,4.0,8.0,3.0,3.0,6625
2022-05-19,立憲,before,0.0,7.0,5.0,2.0,3336
2022-05-19,維新,before,1.0,3.0,2.0,1.0,5586
2022-05-19,自民,before,10.0,3.0,3.0,1.0,6320
2022-05-20,立憲,before,3.0,2.0,4.0,1.0,9204
2022-05-20,維新,before,2.0,3.0,1.0,1.0,5596
2022-05-20,自民,before,5.0,7.0,5.0,5.0,5928
2022-05-21,立憲,before,0.0,6.0,3.0,0.0,8029
2022-05-21,維新,before,3.0,1.0,0.0,0.0,6965
2022-05-21,自民,before,5.0,1.0,3.0,0.0,5644
2022-05-22,立憲,before,0.0,6.0,4.0,1.0,6895
2022-05-22,維新,before,4.0,2.0,0.0,2.0,5090
2022-05-22,自民,before,4.0,3.0,0.0,1.0,8819
2022-05-23,立憲,before,1.0,7.0,3.0,0.0,5140
2022-05-23,維新,before,1.0,4.0,4.0,2.0,4227
2022-05-23,自民,before,5.0,8.0,3.0,2.0,9202
2022-05-24,立憲,before,3.0,1.0,3.0,2.0,8082
2022-05-24,維新,before,4.0,6.0,3.0,0.0,7017
2022-05-24,自民,before,2.0,2.0,5.0,0.0,8812
2022-05-25,立憲,before,3.0,1.0,5.0,2.0,9525
2022-05-25,維新,before,2.0,2.0,2.0,2.0,7476
2022-05-25,自民,before,2.0,7.0,4.0,1.0,9429
2022-05-26,立憲,before,2.0,2.0,6.0,0.0,9216
2022-05-26,維新,before,1.0,1.0,2.0,1.0,7011
2022-05-26,自民,before,2.0,5.0,3.0,0.0,7627
2022-05-27,立憲,before,1.0,7.0,3.0,1.0,6507
2022-05-27,維新,before,2.0,0.0,3.0,0.0,5292
2022-05-27,自民,before,0.0,6.0,2.0,2.0,7337
2022-05-28,立憲,before,2.0,1.0,7.0,2.0,6332
2022-05-28,維新,before,2.0,2.0,1.0,2.0,6886
2022-05-28,自民,before,6.0,7.0,2.0,1.0,6892
2022-05-29,立憲,before,2.0,5.0,4.0,1.0,5556
2022-05-29,維新,before,3.0,3.0,2.0,1.0,7481
2022-05-29,自民,before,5.0,4.0,3.0,2.0,6105
2022-05-30,立憲,before,1.0,5.0,3.0,1.0,6927
2022-05-30,維新,before,4.0,2.0,5.0,2.0,7528
2022-05-30,自民,before,5.0,3.0,5.0,2.0,6536
2022-05-31,立憲,before,2.0,5.0,1.0,0.0,4605
2022-05-31,維新,before,4.0,3.0,2.0,0.0,6620
2022-05-31,自民,before,1.0,4.0,4.0,2.0,6661
2022-06-01,立憲,before,0.0,3.0,2.0,0.0,5369
2022-06-01,維新,before,1.0,1.0,1.0,0.0,6259
2022-06-01,自民,before,2.0,4.0,0.0,0.0,7392
2022-06-02,立憲,before,2.0,4.0,1.0,1.0,8699
2022-06-02,維新,before,2.0,2.0,2.0,1.0,7859
2022-06-02,自民,before,6.0,4.0,4.0,1.0,8758
2022-06-03,立憲,before,1.0,6.0,0.0,2.0,5933
2022-06-03,維新,before,2.0,4.0,1.0,2.0,8476
2022-06-03,自民,before,6.0,4.0,2.0,1.0,6559
2022-06-04,立憲,before,2.0,4.0,3.0,2.0,7682
2022-06-04,維新,before,2.0,4.0,4.0,1.0,5317
2022-06-04,自民,before,3.0,7.0,2.0,4.0,10164
2022-06-05,立憲,before,2.0,4.0,1.0,0.0,6563
2022-06-05,維新,before,1.0,1.0,2.0,0.0,5803
2022-06-05,自民,before,3.0,5.0,3.0,1.0,6403
2022-06-06,立憲,before,1.0,6.0,4.0,1.0,4858
2022-06-06,維新,before,3.0,1.0,3.0,0.0,7940
2022-06-06,自民,before,5.0,4.0,7.0,4.0,5446
2022-06-07,立憲,before,2.0,4.0,3.0,0.0,9001
2022-06-07,維新,before,3.0,0.0,1.0,2.0,5998
2022-06-07,自民,before,0.0,5.0,3.0,1.0,6092
2022-06-08,立憲,before,0.0,3.0,5.0,1.0,7317
2022-06-08,維新,before,1.0,3.0,1.0,0.0,10184
2022-06-08,自民,before,2.0,4.0,2.0,1.0,6203
2022-06-09,立憲,before,5.0,4.0,3.0,0.0,6022
2022-06-09,維新,before,0.0,3.0,3.0,2.0,7174
2022-06-09,自民,before,4.0,8.0,5.0,0.0,5353
2022-06-10,立憲,before,0.0,2.0,2.0,0.0,6995
2022-06-10,維新,before,3.0,0.0,6.0,2.0,4266
2022-06-10,自民,before,4.0,2.0,5.0,1.0,5243
2022-06-11,立憲,before,1.0,2.0,3.0,0.0,6680
2022-06-11,維新,before,4.0,4.0,2.0,0.0,6530
2022-06-11,自民,before,4.0,2.0,8.0,1.0,6401
2022-06-12,立憲,before,0.0,7.0,2.0,1.0,6122
2022-06-12,維新,before,3.0,5.0,0.0,0.0,7194
2022-06-12,自民,before,1.0,8.0,3.0,1.0,7113
2022-06-13,立憲,before,4.0,0.0,1.0,0.0,8006
2022-06-13,維新,before,2.0,2.0,4.0,1.0,8714
2022-06-13,自民,before,5.0,5.0,4.0,2.0,7809
2022-06-14,立憲,before,4.0,5.0,3.0,2.0,7066
2022-06-14,維新,before,1.0,2.0,2.0,1.0,6081
2022-06-14,自民,before,3.0,2.0,3.0,1.0,5320
2022-06-15,立憲,before,2.0,5.0,2.0,1.0,8588
2022-06-15,維新,before,3.0,3.0,0.0,0.0,4262
2022-06-15,自民,before,2.0,3.0,2.0,2.0,7620
2022-06-16,立憲,before,1.0,4.0,4.0,1.0,6920
2022-06-16,維新,before,4.0,5.0,2.0,1.0,9424
2022-06-16,自民,before,3.0,8.0,6.0,0.0,8950
2022-06-17,立憲,before,2.0,6.0,1.0,0.0,4452
2022-06-17,維新,before,1.0,2.0,2.0,1.0,9108
2022-06-17,自民,before,1.0,5.0,7.0,0.0,5891
2022-06-18,立憲,before,3.0,5.0,3.0,1.0,6408
2022-06-18,維新,before,3.0,0.0,0.0,2.0,10126
2022-06-18,自民,before,1.0,4.0,6.0,1.0,8902
2022-06-19,立憲,before,5.0,4.0,2.0,1.0,7030
2022-06-19,維新,before,4.0,5.0,1.0,1.0,5669
2022-06-19,自民,before,3.0,9.0,4.0,0.0,4368
2022-06-20,立憲,before,0.0,2.0,4.0,2.0,5752
2022-06-20,維新,before,2.0,0.0,3.0,2.0,7891
2022-06-20,自民,before,3.0,6.0,3.0,1.0,7358
2022-06-21,立憲,before,3.0,4.0,1.0,2.0,8223
2022-06-21,維新,before,0.0,3.0,2.0,2.0,9211
2022-06-21,自民,before,1.0,5.0,6.0,3.0,7523
2022-06-22,立憲,before,3.0,5.0,8.0,0.0,9994
2022-06-22,維新,before,3.0,2.0,3.0,1.0,4763
2022-06-22,自民,before,1.0,10.0,3.0,0.0,8297
2022-06-23,立憲,before,1.0,4.0,7.0,0.0,6507
2022-06-23,維新,before,2.0,2.0,4.0,2.0,4431
2022-06-23,自民,before,0.0,8.0,1.0,1.0,6272
2022-06-24,立憲,before,2.0,6.0,7.0,1.0,8514
2022-06-24,維新,before,3.0,3.0,1.0,4.0,7549
2022-06-24,自民,before,5.0,3.0,1.0,0.0,6241
2022-06-25,立憲,before,0.0,4.0,2.0,0.0,7437
2022-06-25,維新,before,0.0,6.0,3.0,3.0,6229
2022-06-25,自民,before,5.0,3.0,5.0,1.0,5659
2022-06-26,立憲,before,3.0,3.0,2.0,1.0,8761
2022-06-26,維新,before,3.0,3.0,3.0,2.0,7149
2022-06-26,自民,before,1.0,4.0,3.0,1.0,5451
2022-06-27,立憲,before,1.0,0.0,4.0,3.0,7014
2022-06-27,維新,before,1.0,5.0,1.0,1.0,7304
2022-06-27,自民,before,2.0,4.0,5.0,2.0,9970
2022-06-28,立憲,before,2.0,7.0,4.0,1.0,6401
2022-06-28,維新,before,1.0,1.0,4.0,1.0,5865
2022-06-28,自民,before,4.0,3.0,1.0,0.0,10373
2022-06-29,立憲,before,1.0,5.0,3.0,2.0,8734
2022-06-29,維新,before,2.0,3.0,1.0,3.0,8085
2022-06-29,自民,before,2.0,2.0,1.0,0.0,4561
2022-06-30,立憲,before,2.0,2.0,5.0,1.0,4422
2022-06-30,維新,before,1.0,2.0,0.0,2.0,6071
2022-06-30,自民,before,4.0,1.0,5.0,1.0,7653
2022-07-01,立憲,before,0.0,1.0,1.0,2.0,5840
2022-07-01,維新,before,3.0,2.0,3.0,0.0,7987
2022-07-01,自民,before,4.0,11.0,7.0,1.0,5762
2022-07-02,立憲,before,1.0,3.0,2.0,2.0,6223
2022-07-02,維新,before,1.0,4.0,5.0,1.0,8494
2022-07-02,自民,before,0.0,2.0,4.0,1.0,7797
2022-07-03,立憲,before,1.0,7.0,5.0,1.0,6046
2022-07-03,維新,before,4.0,5.0,2.0,2.0,7980
2022-07-03,自民,before,2.0,4.0,5.0,1.0,8872
2022-07-04,立憲,before,4.0,5.0,4.0,1.0,5497
2022-07-04,維新,before,6.0,2.0,3.0,1.0,5637
2022-07-04,自民,before,1.0,9.0,6.0,3.0,8095
2022-07-05,立憲,before,2.0,2.0,3.0,1.0,4267
2022-07-05,維新,before,1.0,1.0,1.0,0.0,6338
2022-07-05,自民,before,4.0,6.0,6.0,4.0,7089
2022-07-06,立憲,before,1.0,4.0,5.0,3.0,5885
2022-07-06,維新,before,3.0,3.0,1.0,3.0,8844
2022-07-06,自民,before,3.0,2.0,4.0,0.0,8137
2022-07-07,立憲,before,3.0,4.0,5.0,1.0,4346
2022-07-07,維新,before,1.0,1.0,1.0,1.0,5954
2022-07-07,自民,before,3.0,3.0,3.0,2.0,8867
2022-07-08,立憲,before,2.0,2.0,6.0,1.0,8572
2022-07-08,維新,before,1.0,3.0,3.0,0.0,7899
2022-07-08,自民,before,6.0,2.0,6.0,0.0,9495
2022-07-09,立憲,before,3.0,1.0,4.0,2.0,5567
2022-07-09,維新,before,2.0,5.0,3.0,0.0,4158
2022-07-09,自民,before,5.0,6.0,5.0,1.0,9085
2022-07-10,立憲,before,0.0,7.0,2.0,0.0,3044
2022-07-10,維新,before,2.0,1.0,3.0,0.0,9073
2022-07-10,自民,before,2.0,4.0,2.0,1.0,8910
2022-07-11,立憲,before,1.0,2.0,3.0,2.0,6503
2022-07-11,維新,before,1.0,3.0,2.0,1.0,7899
2022-07-11,自民,before,3.0,2.0,4.0,2.0,9092
2022-07-12,立憲,before,4.0,2.0,0.0,0.0,6505
2022-07-12,維新,before,1.0,3.0,2.0,2.0,7821
2022-07-12,自民,before,1.0,3.0,2.0,3.0,11476
2022-07-13,立憲,before,0.0,5.0,5.0,1.0,7059
2022-07-13,維新,before,1.0,2.0,2.0,1.0,7550
2022-07-13,自民,before,1.0,7.0,4.0,0.0,8133
2022-07-14,立憲,before,2.0,5.0,4.0,1.0,8597
2022-07-14,維新,before,3.0,1.0,0.0,0.0,3168
2022-07-14,自民,before,3.0,2.0,6.0,0.0,6619
2022-07-15,立憲,before,2.0,2.0,4.0,1.0,4896
2022-07-15,維新,before,3.0,3.0,2.0,1.0,6000
2022-07-15,自民,before,2.0,3.0,3.0,1.0,7216
2022-07-16,立憲,before,1.0,3.0,1.0,0.0,7901
2022-07-16,維新,before,3.0,2.0,2.0,0.0,5416
2022-07-16,自民,before,6.0,6.0,4.0,0.0,6459
2022-07-17,立憲,before,2.0,5.0,1.0,1.0,6835
2022-07-17,維新,before,1.0,6.0,2.0,0.0,4726
2022-07-17,自民,before,1.0,4.0,0.0,2.0,7921
2022-07-18,立憲,before,0.0,2.0,4.0,1.0,8281
2022-07-18,維新,before,0.0,3.0,4.0,1.0,6114
2022-07-18,自民,before,3.0,6.0,4.0,0.0,5998
2022-07-19,立憲,before,2.0,4.0,1.0,2.0,7547
2022-07-19,維新,before,2.0,3.0,4.0,4.0,5587
2022-07-19,自民,before,1.0,6.0,1.0,0.0,7615
2022-07-20,立憲,before,2.0,1.0,3.0,3.0,7458
2022-07-20,維新,before,2.0,1.0,1.0,1.0,7765
2022-07-20,自民,before,9.0,5.0,3.0,1.0,6764
2022-07-21,立憲,before,1.0,4.0,5.0,0.0,6462
2022-07-21,維新,before,1.0,1.0,1.0,1.0,4909
2022-07-21,自民,before,5.0,5.0,5.0,1.0,9535
2022-07-22,立憲,before,2.0,3.0,5.0,0.0,7020
2022-07-22,維新,before,1.0,1.0,3.0,1.0,3352
2022-07-22,自民,before,1.0,6.0,2.0,2.0,6558
2022-07-23,立憲,before,2.0,2.0,4.0,1.0,6245
2022-07-23,維新,before,0.0,4.0,2.0,0.0,4681
2022-07-23,自民,before,4.0,9.0,2.0,1.0,6930
2022-07-24,立憲,before,3.0,2.0,5.0,2.0,7537
2022-07-24,維新,before,3.0,0.0,1.0,0.0,7049
2022-07-24,自民,before,2.0,10.0,5.0,3.0,7150
2022-07-25,立憲,before,0.0,1.0,1.0,1.0,8810
2022-07-25,維新,before,2.0,2.0,5.0,0.0,6060
2022-07-25,自民,before,3.0,4.0,1.0,1.0,8679
2022-07-26,立憲,before,1.0,9.0,3.0,1.0,6386
2022-07-26,維新,before,1.0,2.0,1.0,1.0,5005
2022-07-26,自民,before,4.0,5.0,1.0,1.0,6866
2022-07-27,立憲,before,4.0,4.0,2.0,3.0,6521
2022-07-27,維新,before,4.0,2.0,1.0,0.0,7170
2022-07-27,自民,before,2.0,5.0,2.0,0.0,5908
2022-07-28,立憲,before,2.0,7.0,2.0,0.0,8135
2022-07-28,維新,before,3.0,3.0,3.0,0.0,6872
2022-07-28,自民,before,4.0,6.0,3.0,2.0,6618
2022-07-29,立憲,before,1.0,4.0,6.0,0.0,8980
2022-07-29,維新,before,2.0,2.0,1.0,0.0,8352
2022-07-29,自民,before,4.0,7.0,5.0,1.0,8621
2022-07-30,立憲,before,1.0,3.0,6.0,2.0,6288
2022-07-30,維新,before,4.0,4.0,2.0,1.0,3807
2022-07-30,自民,before,5.0,9.0,4.0,0.0,7580
2022-07-31,立憲,before,2.0,1.0,3.0,2.0,5565
2022-07-31,維新,before,3.0,9.0,5.0,1.0,9007
2022-07-31,自民,before,2.0,10.0,4.0,1.0,7955
2022-08-01,立憲,before,1.0,5.0,3.0,1.0,9936
2022-08-01,維新,before,2.0,5.0,0.0,1.0,6390
2022-08-01,自民,before,2.0,2.0,4.0,0.0,6959
2022-08-02,立憲,after,1.0,2.0,6.0,2.0,4808
2022-08-02,維新,after,9.0,3.0,4.0,5.0,9717
2022-08-02,自民,after,5.0,9.0,17.0,8.0,10050
2022-08-03,立憲,after,4.0,3.0,7.0,0.0,7225
2022-08-03,維新,after,5.0,5.0,6.0,4.0,5145
2022-08-03,自民,after,11.0,11.0,12.0,4.0,5693
2022-08-04,立憲,after,2.0,8.0,4.0,1.0,5959
2022-08-04,維新,after,1.0,6.0,2.0,5.0,5588
2022-08-04,自民,after,10.0,15.0,15.0,1.0,8980
2022-08-05,立憲,after,4.0,6.0,7.0,0.0,7592
2022-08-05,維新,after,6.0,3.0,3.0,3.0,7495
2022-08-05,自民,after,8.0,8.0,9.0,2.0,6964
2022-08-06,立憲,after,5.0,4.0,10.0,2.0,6090
2022-08-06,維新,after,4.0,5.0,4.0,2.0,6995
2022-08-06,自民,after,10.0,9.0,15.0,4.0,4588
2022-08-07,立憲,after,5.0,9.0,3.0,1.0,7121
2022-08-07,維新,after,4.0,2.0,5.0,5.0,7765
2022-08-07,自民,after,8.0,12.0,15.0,7.0,6623
2022-08-08,立憲,after,4.0,6.0,0.0,3.0,7910
2022-08-08,維新,after,2.0,7.0,1.0,3.0,8799
2022-08-08,自民,after,15.0,17.0,16.0,5.0,6626
2022-08-09,立憲,after,1.0,7.0,4.0,1.0,8282
2022-08-09,維新,after,7.0,3.0,2.0,1.0,7867
2022-08-09,自民,after,9.0,9.0,8.0,5.0,8869
2022-08-10,立憲,after,5.0,5.0,3.0,1.0,4927
2022-08-10,維新,after,4.0,4.0,3.0,1.0,7380
2022-08-10,自民,after,10.0,13.0,15.0,4.0,8794
2022-08-11,立憲,after,3.0,5.0,8.0,0.0,8087
2022-08-11,維新,after,4.0,3.0,4.0,2.0,9051
2022-08-11,自民,after,3.0,11.0,9.0,4.0,5505
2022-08-12,立憲,after,1.0,6.0,4.0,0.0,6679
2022-08-12,維新,after,10.0,5.0,0.0,4.0,5979
2022-08-12,自民,after,15.0,9.0,17.0,5.0,6880
2022-08-13,立憲,after,2.0,4.0,6.0,1.0,7067
2022-08-13,維新,after,5.0,6.0,2.0,3.0,7566
2022-08-13,自民,after,13.0,7.0,10.0,6.0,5378
2022-08-14,立憲,after,3.0,7.0,4.0,2.0,9580
2022-08-14,維新,after,5.0,3.0,3.0,2.0,7432
2022-08-14,自民,after,21.0,13.0,12.0,4.0,7853
2022-08-15,立憲,after,2.0,3.0,6.0,0.0,8943
2022-08-15,維新,after,2.0,9.0,3.0,4.0,5265
2022-08-15,自民,after,9.0,15.0,11.0,7.0,3448
2022-08-16,立憲,after,1.0,5.0,5.0,1.0,5473
2022-08-16,維新,after,7.0,8.0,5.0,4.0,6351
2022-08-16,自民,after,6.0,4.0,11.0,3.0,6085
2022-08-17,立憲,after,3.0,8.0,4.0,3.0,7623
2022-08-17,維新,after,5.0,6.0,3.0,3.0,7132
2022-08-17,自民,after,10.0,15.0,11.0,2.0,6557
2022-08-18,立憲,after,2.0,10.0,4.0,1.0,7378
2022-08-18,維新,after,2.0,2.0,1.0,4.0,5849
2022-08-18,自民,after,3.0,18.0,15.0,3.0,7773
2022-08-19,立憲,after,5.0,4.0,2.0,0.0,7853
2022-08-19,維新,after,5.0,4.0,4.0,3.0,6605
2022-08-19,自民,after,13.0,11.0,8.0,4.0,5131
2022-08-20,立憲,after,2.0,6.0,4.0,0.0,5093
2022-08-20,維新,after,9.0,5.0,4.0,3.0,6403
2022-08-20,自民,after,14.0,9.0,12.0,5.0,8883
2022-08-21,立憲,after,2.0,8.0,1.0,3.0,8209
2022-08-21,維新,after,9.0,5.0,2.0,1.0,7523
2022-08-21,自民,after,12.0,5.0,14.0,3.0,5670
2022-08-22,立憲,after,2.0,5.0,3.0,2.0,7215
2022-08-22,維新,after,5.0,4.0,6.0,7.0,9148
2022-08-22,自民,after,7.0,12.0,14.0,3.0,5257
2022-08-23,立憲,after,3.0,7.0,9.0,1.0,6799
2022-08-23,維新,after,6.0,6.0,4.0,4.0,7404
2022-08-23,自民,after,13.0,11.0,9.0,5.0,5885
2022-08-24,立憲,after,4.0,4.0,8.0,4.0,6283
2022-08-24,維新,after,6.0,8.0,4.0,6.0,6599
2022-08-24,自民,after,11.0,10.0,10.0,3.0,4082
2022-08-25,立憲,after,2.0,8.0,5.0,0.0,7070
2022-08-25,維新,after,7.0,5.0,6.0,2.0,7167
2022-08-25,自民,after,5.0,8.0,11.0,6.0,6924
2022-08-26,立憲,after,3.0,4.0,3.0,2.0,5229
2022-08-26,維新,after,3.0,3.0,4.0,3.0,8336
2022-08-26,自民,after,8.0,17.0,14.0,6.0,4395
2022-08-27,立憲,after,3.0,11.0,2.0,1.0,5551
2022-08-27,維新,after,6.0,5.0,4.0,5.0,7443
2022-08-27,自民,after,8.0,15.0,15.0,3.0,8246
2022-08-28,立憲,after,5.0,4.0,2.0,0.0,4124
2022-08-28,維新,after,5.0,8.0,5.0,5.0,7612
2022-08-28,自民,after,10.0,7.0,12.0,2.0,6801
2022-08-29,立憲,after,3.0,5.0,5.0,2.0,7194
2022-08-29,維新,after,2.0,4.0,8.0,0.0,7184
2022-08-29,自民,after,13.0,14.0,9.0,3.0,7748
2022-08-30,立憲,after,6.0,4.0,1.0,0.0,6819
2022-08-30,維新,after,0.0,10.0,3.0,3.0,6350
2022-08-30,自民,after,8.0,16.0,8.0,5.0,7608
2022-08-31,立憲,after,4.0,6.0,4.0,1.0,8757
2022-08-31,維新,after,5.0,6.0,6.0,2.0,7978
2022-08-31,自民,after,11.0,8.0,15.0,5.0,7978
2022-09-01,立憲,after,4.0,5.0,4.0,0.0,6230
2022-09-01,維新,after,5.0,4.0,4.0,0.0,11059
2022-09-01,自民,after,9.0,6.0,17.0,2.0,7464
2022-09-02,立憲,after,3.0,3.0,5.0,3.0,5643
2022-09-02,維新,after,3.0,7.0,7.0,0.0,7630
2022-09-02,自民,after,7.0,12.0,17.0,2.0,6407
2022-09-03,立憲,after,4.0,7.0,7.0,2.0,7125
2022-09-03,維新,after,6.0,7.0,3.0,0.0,9068
2022-09-03,自民,after,8.0,10.0,9.0,5.0,6339
2022-09-04,立憲,after,5.0,6.0,3.0,0.0,6476
2022-09-04,維新,after,7.0,2.0,5.0,2.0,6481
2022-09-04,自民,after,15.0,10.0,15.0,3.0,6844
2022-09-05,立憲,after,3.0,6.0,1.0,2.0,5456
2022-09-05,維新,after,6.0,5.0,5.0,1.0,4949
2022-09-05,自民,after,5.0,14.0,14.0,1.0,7350
2022-09-06,立憲,after,2.0,7.0,5.0,1.0,6582
2022-09-06,維新,after,5.0,6.0,6.0,4.0,5873
2022-09-06,自民,after,17.0,12.0,12.0,5.0,7210
2022-09-07,立憲,after,7.0,8.0,5.0,3.0,4894
2022-09-07,維新,after,5.0,6.0,4.0,2.0,4329
2022-09-07,自民,after,9.0,5.0,8.0,5.0,8310
2022-09-08,立憲,after,9.0,6.0,3.0,2.0,4713
2022-09-08,維新,after,3.0,5.0,6.0,4.0,8267
2022-09-08,自民,after,10.0,6.0,16.0,4.0,6958
2022-09-09,立憲,after,2.0,10.0,4.0,1.0,6039
2022-09-09,維新,after,8.0,5.0,5.0,1.0,8160
2022-09-09,自民,after,6.0,8.0,12.0,2.0,7263
2022-09-10,立憲,after,4.0,5.0,3.0,1.0,10149
2022-09-10,維新,after,2.0,1.0,2.0,6.0,7114
2022-09-10,自民,after,11.0,11.0,21.0,2.0,7718
2022-09-11,立憲,after,5.0,4.0,4.0,1.0,6548
2022-09-11,維新,after,6.0,3.0,3.0,2.0,7806
2022-09-11,自民,after,10.0,5.0,10.0,3.0,9900
2022-09-12,立憲,after,4.0,7.0,7.0,2.0,6796
2022-09-12,維新,after,6.0,5.0,5.0,4.0,6893
2022-09-12,自民,after,16.0,13.0,9.0,6.0,6631
2022-09-13,立憲,after,4.0,7.0,4.0,0.0,8091
2022-09-13,維新,after,4.0,7.0,1.0,2.0,7226
2022-09-13,自民,after,11.0,7.0,5.0,7.0,5218
2022-09-14,立憲,after,1.0,10.0,6.0,1.0,5145
2022-09-14,維新,after,5.0,5.0,3.0,2.0,6649
2022-09-14,自民,after,13.0,11.0,13.0,5.0,5329
2022-09-15,立憲,after,2.0,8.0,3.0,3.0,7524
2022-09-15,維新,after,5.0,5.0,6.0,3.0,5795
2022-09-15,自民,after,10.0,3.0,17.0,2.0,6033
2022-09-16,立憲,after,4.0,7.0,4.0,0.0,7034
2022-09-16,維新,after,6.0,8.0,3.0,4.0,5766
2022-09-16,自民,after,8.0,10.0,16.0,5.0,5818
2022-09-17,立憲,after,4.0,6.0,3.0,2.0,8493
2022-09-17,維新,after,6.0,7.0,3.0,2.0,8916
2022-09-17,自民,after,10.0,10.0,10.0,3.0,6745
2022-09-18,立憲,after,4.0,5.0,6.0,5.0,6571
2022-09-18,維新,after,2.0,10.0,1.0,2.0,6846
2022-09-18,自民,after,11.0,11.0,6.0,3.0,6444
2022-09-19,立憲,after,2.0,6.0,2.0,2.0,6297
2022-09-19,維新,after,10.0,6.0,4.0,0.0,5140
2022-09-19,自民,after,16.0,12.0,14.0,7.0,8692
2022-09-20,立憲,after,4.0,2.0,6.0,1.0,5928
2022-09-20,維新,after,11.0,7.0,4.0,4.0,4862
2022-09-20,自民,after,8.0,13.0,16.0,5.0,7453
2022-09-21,立憲,after,2.0,8.0,3.0,1.0,10165
2022-09-21,維新,after,5.0,8.0,2.0,3.0,5957
2022-09-21,自民,after,12.0,12.0,7.0,3.0,3444
2022-09-22,立憲,after,3.0,5.0,10.0,1.0,6585
2022-09-22,維新,after,5.0,0.0,3.0,2.0,5893
2022-09-22,自民,after,10.0,6.0,9.0,6.0,7855
2022-09-23,立憲,after,5.0,6.0,2.0,1.0,7524
2022-09-23,維新,after,5.0,2.0,6.0,1.0,7487
2022-09-23,自民,after,13.0,12.0,13.0,1.0,8660
2022-09-24,立憲,after,1.0,8.0,10.0,0.0,4320
2022-09-24,維新,after,4.0,12.0,5.0,4.0,5994
2022-09-24,自民,after,14.0,13.0,11.0,12.0,5823
2022-09-25,立憲,after,7.0,3.0,4.0,1.0,6595
2022-09-25,維新,after,2.0,3.0,3.0,3.0,8466
2022-09-25,自民,after,8.0,9.0,12.0,9.0,7974
2022-09-26,立憲,after,4.0,9.0,5.0,1.0,6477
2022-09-26,維新,after,0.0,3.0,2.0,5.0,8778
2022-09-26,自民,after,12.0,7.0,9.0,5.0,7031
2022-09-27,立憲,after,1.0,8.0,6.0,2.0,7329
2022-09-27,維新,after,8.0,5.0,1.0,1.0,9480
2022-09-27,自民,after,11.0,9.0,7.0,5.0,4620
2022-09-28,立憲,after,2.0,3.0,7.0,1.0,7785
2022-09-28,維新,after,7.0,4.0,8.0,3.0,4489
2022-09-28,自民,after,10.0,10.0,9.0,2.0,8029
2022-09-29,立憲,after,4.0,4.0,7.0,2.0,9018
2022-09-29,維新,after,4.0,2.0,3.0,7.0,7722
2022-09-29,自民,after,8.0,9.0,8.0,8.0,7841
2022-09-30,立憲,after,2.0,7.0,6.0,1.0,7182
2022-09-30,維新,after,4.0,2.0,3.0,0.0,5382
2022-09-30,自民,after,7.0,13.0,11.0,6.0,7473
2022-10-01,立憲,after,2.0,5.0,4.0,1.0,7682
2022-10-01,維新,after,2.0,5.0,3.0,5.0,10566
2022-10-01,自民,after,6.0,12.0,15.0,5.0,7089
2022-10-02,立憲,after,2.0,6.0,4.0,1.0,7935
2022-10-02,維新,after,2.0,4.0,3.0,1.0,6905
2022-10-02,自民,after,11.0,5.0,9.0,4.0,6585
2022-10-03,立憲,after,2.0,4.0,2.0,1.0,7543
2022-10-03,維新,after,4.0,3.0,1.0,8.0,6355
2022-10-03,自民,after,12.0,14.0,13.0,2.0,7040
2022-10-04,立憲,after,1.0,4.0,4.0,2.0,8444
2022-10-04,維新,after,6.0,7.0,0.0,4.0,6010
2022-10-04,自民,after,14.0,13.0,11.0,3.0,8552
2022-10-05,立憲,after,7.0,8.0,4.0,1.0,8711
2022-10-05,維新,after,6.0,6.0,2.0,5.0,6401
2022-10-05,自民,after,11.0,6.0,13.0,5.0,7878
2022-10-06,立憲,after,4.0,6.0,8.0,3.0,6154
2022-10-06,維新,after,6.0,6.0,4.0,5.0,7788
2022-10-06,自民,after,13.0,6.0,10.0,1.0,6794
2022-10-07,立憲,after,6.0,8.0,1.0,1.0,5386
2022-10-07,維新,after,5.0,4.0,8.0,2.0,6286
2022-10-07,自民,after,13.0,13.0,11.0,9.0,4883
2022-10-08,立憲,after,3.0,9.0,6.0,2.0,5871
2022-10-08,維新,after,4.0,6.0,5.0,1.0,7081
2022-10-08,自民,after,5.0,10.0,12.0,2.0,7672
2022-10-09,立憲,after,4.0,6.0,3.0,1.0,7031
2022-10-09,維新,after,4.0,7.0,6.0,2.0,4342
2022-10-09,自民,after,7.0,10.0,11.0,3.0,7231
2022-10-10,立憲,after,5.0,7.0,7.0,2.0,7607
2022-10-10,維新,after,4.0,8.0,7.0,5.0,7369
2022-10-10,自民,after,14.0,10.0,10.0,8.0,8046
2022-10-11,立憲,after,2.0,2.0,4.0,0.0,6961
2022-10-11,維新,after,4.0,9.0,3.0,4.0,7561
2022-10-11,自民,after,11.0,8.0,5.0,3.0,5871
2022-10-12,立憲,after,3.0,8.0,8.0,1.0,5950
2022-10-12,維新,after,3.0,6.0,5.0,5.0,6217
2022-10-12,自民,after,13.0,7.0,13.0,5.0,7397
2022-10-13,立憲,after,4.0,7.0,2.0,0.0,5553
2022-10-13,維新,after,2.0,7.0,8.0,4.0,8210
2022-10-13,自民,after,11.0,8.0,13.0,5.0,5671
2022-10-14,立憲,after,2.0,6.0,1.0,1.0,7447
2022-10-14,維新,after,3.0,8.0,3.0,5.0,6333
2022-10-14,自民,after,7.0,12.0,4.0,2.0,8167
2022-10-15,立憲,after,3.0,8.0,2.0,2.0,5691
2022-10-15,維新,after,5.0,3.0,1.0,4.0,6338
2022-10-15,自民,after,12.0,8.0,11.0,5.0,9644
2022-10-16,立憲,after,2.0,5.0,8.0,0.0,7304
2022-10-16,維新,after,7.0,2.0,9.0,2.0,5695
2022-10-16,自民,after,15.0,10.0,8.0,1.0,8504
2022-10-17,立憲,after,5.0,2.0,2.0,1.0,7149
2022-10-17,維新,after,5.0,6.0,4.0,2.0,8032
2022-10-17,自民,after,5.0,7.0,14.0,4.0,10015
2022-10-18,立憲,after,4.0,6.0,6.0,1.0,5379
2022-10-18,維新,after,5.0,2.0,3.0,2.0,5970
2022-10-18,自民,after,9.0,11.0,8.0,2.0,6058
2022-10-19,立憲,after,4.0,4.0,8.0,1.0,6081
2022-10-19,維新,after,6.0,7.0,0.0,3.0,6214
2022-10-19,自民,after,13.0,13.0,18.0,3.0,5107
2022-10-20,立憲,after,5.0,2.0,4.0,1.0,7788
2022-10-20,維新,after,7.0,6.0,5.0,3.0,7254
2022-10-20,自民,after,4.0,4.0,9.0,4.0,5666
2022-10-21,立憲,after,2.0,5.0,9.0,2.0,6024
2022-10-21,維新,after,10.0,5.0,5.0,2.0,7121
2022-10-21,自民,after,9.0,8.0,10.0,2.0,7960
2022-10-22,立憲,after,6.0,8.0,2.0,0.0,5740
2022-10-22,維新,after,4.0,4.0,7.0,3.0,8954
2022-10-22,自民,after,11.0,11.0,13.0,4.0,4419
2022-10-23,立憲,after,4.0,4.0,3.0,2.0,7741
2022-10-23,維新,after,8.0,1.0,2.0,5.0,6421
2022-10-23,自民,after,16.0,10.0,9.0,4.0,5579
2022-10-24,立憲,after,3.0,7.0,6.0,1.0,7828
2022-10-24,維新,after,5.0,6.0,5.0,1.0,5981
2022-10-24,自民,after,14.0,11.0,9.0,6.0,6400
2022-10-25,立憲,after,2.0,7.0,6.0,2.0,7060
2022-10-25,維新,after,5.0,4.0,4.0,1.0,7973
2022-10-25,自民,after,10.0,22.0,14.0,4.0,4754
2022-10-26,立憲,after,3.0,7.0,4.0,0.0,4658
2022-10-26,維新,after,7.0,5.0,6.0,3.0,6803
2022-10-26,自民,after,13.0,6.0,11.0,2.0,5833
2022-10-27,立憲,after,3.0,8.0,2.0,3.0,8891
2022-10-27,維新,after,8.0,10.0,6.0,1.0,5900
2022-10-27,自民,after,8.0,6.0,3.0,3.0,4672
2022-10-28,立憲,after,3.0,8.0,6.0,1.0,9120
2022-10-28,維新,after,10.0,3.0,6.0,3.0,9918
2022-10-28,自民,after,12.0,9.0,8.0,2.0,7855
2022-10-29,立憲,after,4.0,8.0,5.0,2.0,6618
2022-10-29,維新,after,4.0,5.0,4.0,4.0,6362
2022-10-29,自民,after,9.0,14.0,10.0,4.0,6146
2022-10-30,立憲,after,1.0,8.0,8.0,0.0,7967
2022-10-30,維新,after,6.0,8.0,5.0,2.0,8289
2022-10-30,自民,after,15.0,11.0,17.0,2.0,4876
2022-10-31,立憲,after,4.0,4.0,4.0,0.0,8401
2022-10-31,維新,after,5.0,6.0,6.0,2.0,3932
2022-10-31,自民,after,7.0,14.0,9.0,3.0,7625
2022-11-01,立憲,after,4.0,7.0,6.0,1.0,6503
2022-11-01,維新,after,3.0,1.0,4.0,3.0,6921
2022-11-01,自民,after,12.0,10.0,11.0,2.0,9518
2022-11-02,立憲,after,2.0,10.0,2.0,2.0,8315
2022-11-02,維新,after,4.0,5.0,5.0,4.0,4388
2022-11-02,自民,after,8.0,8.0,10.0,4.0,6884
2022-11-03,立憲,after,2.0,7.0,5.0,0.0,7190
2022-11-03,維新,after,6.0,6.0,4.0,2.0,8833
2022-11-03,自民,after,8.0,10.0,18.0,4.0,6477
2022-11-04,立憲,after,4.0,3.0,9.0,0.0,7032
2022-11-04,維新,after,3.0,8.0,4.0,7.0,5870
2022-11-04,自民,after,11.0,11.0,12.0,4.0,8827
2022-11-05,立憲,after,4.0,13.0,3.0,1.0,6486
2022-11-05,維新,after,2.0,2.0,9.0,4.0,6620
2022-11-05,自民,after,16.0,14.0,7.0,5.0,8430
2022-11-06,立憲,after,5.0,3.0,8.0,3.0,8214
2022-11-06,維新,after,9.0,3.0,3.0,2.0,6722
2022-11-06,自民,after,9.0,13.0,13.0,1.0,7090
2022-11-07,立憲,after,4.0,4.0,1.0,1.0,8166
2022-11-07,維新,after,5.0,3.0,2.0,2.0,6976
2022-11-07,自民,after,11.0,7.0,13.0,6.0,6525
2022-11-08,立憲,after,2.0,11.0,3.0,0.0,8712
2022-11-08,維新,after,2.0,4.0,6.0,3.0,6448
2022-11-08,自民,after,11.0,11.0,8.0,3.0,7625
2022-11-09,立憲,after,7.0,8.0,3.0,0.0,7321
2022-11-09,維新,after,6.0,4.0,4.0,2.0,8404
2022-11-09,自民,after,11.0,12.0,16.0,4.0,9565
2022-11-10,立憲,after,7.0,4.0,7.0,2.0,3380
2022-11-10,維新,after,6.0,5.0,3.0,3.0,3681
2022-11-10,自民,after,11.0,8.0,7.0,2.0,6520
2022-11-11,立憲,after,4.0,3.0,5.0,1.0,4382
2022-11-11,維新,after,5.0,4.0,7.0,1.0,7602
2022-11-11,自民,after,9.0,11.0,10.0,5.0,7902
2022-11-12,立憲,after,3.0,6.0,1.0,2.0,8420
2022-11-12,維新,after,6.0,6.0,7.0,1.0,3854
2022-11-12,自民,after,7.0,9.0,14.0,8.0,8132
2022-11-13,立憲,after,7.0,7.0,6.0,0.0,8078
2022-11-13,維新,after,3.0,11.0,5.0,4.0,4282
2022-11-13,自民,after,15.0,10.0,7.0,3.0,8644
2022-11-14,立憲,after,6.0,5.0,4.0,4.0,6851
2022-11-14,維新,after,4.0,6.0,3.0,4.0,8010
2022-11-14,自民,after,5.0,11.0,6.0,5.0,8601
2022-11-15,立憲,after,6.0,5.0,3.0,0.0,9672
2022-11-15,維新,after,3.0,4.0,4.0,4.0,5872
2022-11-15,自民,after,14.0,14.0,10.0,3.0,7146
2022-11-16,立憲,after,2.0,4.0,3.0,0.0,9503
2022-11-16,維新,after,11.0,2.0,3.0,5.0,9592
2022-11-16,自民,after,5.0,12.0,10.0,3.0,7206
2022-11-17,立憲,after,2.0,6.0,7.0,1.0,8565
2022-11-17,維新,after,7.0,4.0,5.0,4.0,9733
2022-11-17,自民,after,11.0,11.0,19.0,2.0,5675
2022-11-18,立憲,after,4.0,9.0,4.0,3.0,7625
2022-11-18,維新,after,10.0,1.0,0.0,6.0,8232
2022-11-18,自民,after,8.0,9.0,17.0,4.0,8985
2022-11-19,立憲,after,0.0,6.0,4.0,2.0,8813
2022-11-19,維新,after,10.0,5.0,2.0,1.0,7751
2022-11-19,自民,after,6.0,7.0,16.0,5.0,5414
2022-11-20,立憲,after,1.0,5.0,3.0,3.0,6033
2022-11-20,維新,after,0.0,5.0,1.0,3.0,8793
2022-11-20,自民,after,8.0,13.0,9.0,3.0,8002
2022-11-21,立憲,after,3.0,8.0,5.0,0.0,6757
2022-11-21,維新,after,7.0,3.0,6.0,4.0,6931
2022-11-21,自民,after,8.0,6.0,13.0,4.0,5821
2022-11-22,立憲,after,4.0,9.0,11.0,3.0,6880
2022-11-22,維新,after,6.0,2.0,5.0,1.0,9327
2022-11-22,自民,after,12.0,10.0,15.0,4.0,8427
2022-11-23,立憲,after,3.0,1.0,4.0,0.0,7251
2022-11-23,維新,after,3.0,8.0,5.0,1.0,7426
2022-11-23,自民,after,13.0,9.0,8.0,2.0,8013
2022-11-24,立憲,after,2.0,4.0,3.0,3.0,6424
2022-11-24,維新,after,1.0,4.0,8.0,4.0,6758
2022-11-24,自民,after,10.0,12.0,13.0,3.0,6133
2022-11-25,立憲,after,4.0,10.0,7.0,0.0,7637
2022-11-25,維新,after,5.0,5.0,5.0,1.0,8344
2022-11-25,自民,after,13.0,11.0,20.0,7.0,7621
2022-11-26,立憲,after,1.0,7.0,4.0,0.0,4649
2022-11-26,維新,after,3.0,6.0,3.0,0.0,6660
2022-11-26,自民,after,9.0,9.0,7.0,4.0,4694
2022-11-27,立憲,after,5.0,2.0,6.0,2.0,5474
2022-11-27,維新,after,3.0,5.0,3.0,5.0,8481
2022-11-27,自民,after,6.0,9.0,9.0,4.0,8454
2022-11-28,立憲,after,3.0,5.0,3.0,1.0,6883
2022-11-28,維新,after,6.0,7.0,5.0,2.0,9436
2022-11-28,自民,after,14.0,7.0,17.0,3.0,5588
2022-11-29,立憲,after,2.0,6.0,6.0,2.0,9518
2022-11-29,維新,after,9.0,8.0,3.0,1.0,5349
2022-11-29,自民,after,13.0,9.0,15.0,1.0,7849
2022-11-30,立憲,after,5.0,9.0,12.0,2.0,7868
2022-11-30,維新,after,4.0,6.0,4.0,2.0,7489
2022-11-30,自民,after,14.0,11.0,18.0,3.0,6299
